olsmi,Oliver,Smith,1,Unitedhealth Group
jabro,Jack,Brown,1,Wellpoint Inc Group
hawil,Harry,Williams,2,Kaiser Foundation
jajon,Jacob,Jones,3,Humana Group
chtay,Charlie,Taylor,1,Aetna Group
thdav,Thomas,Davies,2,Humana Group
gewil,George,Wilson,3,Aetna Group
osbro,Oscar,Brown,1,Highmark Group
jaeva,James,Evans,2,Unitedhealth Group
amrob,Amelia,Robers,3,Wellpoint Inc Group
oltho,Olivia,Thomas,1,Kaiser Foundation
isoke,Isla,OKelly,2,Aetna Group
emlam,Emily,Lam,3,Humana Group
pogel,Poppy,Gelbero,1,Cigna Health Group
avtre,Ava,Tremblay,2,Highmark Group
islee,Isabella,Lee,3,Kaiser Foundation
jeosu,Jessica,OSullivan,1,Unitedhealth Group
limil,Lily,Miller,2,Wellpoint Inc Group
jadav,Jack,Davis,3,Kaiser Foundation
hasmi,Harry,Smith,1,Humana Group
jabro,Jacob,Brown,2,Humana Group
chwil,Charlie,Williams,3,Unitedhealth Group
thjon,Thomas,Jones,1,Wellpoint Inc Group
getay,George,Taylor,2,Kaiser Foundation
osdav,Oscar,Davies,3,Highmark Group
jawil,James,Wilson,1,Kaiser Foundation
ambro,Amelia,Brown,2,Humana Group
oleva,Olivia,Evans,3,Humana Group
isrob,Isla,Robers,1,Unitedhealth Group
emtho,Emily,Thomas,2,Wellpoint Inc Group
poo'k,Poppy,O'Kelly,3,Kaiser Foundation
olsmi,Oliver,Smith,1,Unitedhealth Group
jabro,Jack,Brown,2,Wellpoint Inc Group
hawil,Harry,Williams,3,Kaiser Foundation
jajon,Jacob,Jones,1,Humana Group
chtay,Charlie,Taylor,2,Aetna Group
thdav,Thomas,Davies,3,Humana Group
gewil,George,Wilson,1,Aetna Group
osbro,Oscar,Brown,2,Highmark Group
jaeva,James,Evans,3,Unitedhealth Group
amrob,Amelia,Robers,1,Wellpoint Inc Group
oltho,Olivia,Thomas,2,Kaiser Foundation
isoke,Isla,OKelly,3,Aetna Group
emlam,Emily,Lam,1,Humana Group
pogel,Poppy,Gelbero,2,Cigna Health Group
avtre,Ava,Tremblay,3,Highmark Group
islee,Isabella,Lee,1,Kaiser Foundation
jeosu,Jessica,OSullivan,2,Unitedhealth Group
limil,Lily,Miller,3,Wellpoint Inc Group
jadav,Jack,Davis,1,Kaiser Foundation
hasmi,Harry,Smith,2,Humana Group
jabro,Jacob,Brown,3,Humana Group
chwil,Charlie,Williams,1,Unitedhealth Group
thjon,Thomas,Jones,2,Wellpoint Inc Group
getay,George,Taylor,3,Kaiser Foundation
osdav,Oscar,Davies,1,Highmark Group
jawil,James,Wilson,2,Kaiser Foundation
ambro,Amelia,Brown,3,Humana Group
oleva,Olivia,Evans,1,Humana Group
isrob,Isla,Robers,2,Unitedhealth Group
emtho,Emily,Thomas,3,Wellpoint Inc Group
pooke,Poppy,OKelly,1,Kaiser Foundation
avlam,Ava,Lam,2,Humana Group
isosu,Isabella,OSullivan,3,Aetna Group
jemil,Jessica,Miller,1,Humana Group
lidav,Lily,Davis,2,Aetna Group
sosmi,Sopie,Smith,3,Highmark Group
olbro,Olivia,Brown,1,Unitedhealth Group
islam,Isla,Lam,2,Wellpoint Inc Group
emo's,Emily,O'Sullivan,3,Kaiser Foundation
pomil,Poppy,Miller,1,Aetna Group
avdav,Ava,Davis,2,Humana Group
issmi,Isabella,Smith,3,Cigna Health Group
jebro,Jessica,Brown,1,Highmark Group
isrob,Isla,Robers,2,Kaiser Foundation
emtho,Emily,Thomas,3,Unitedhealth Group
pooke,Poppy,OKelly,1,Wellpoint Inc Group
avlam,Ava,Lam,2,Kaiser Foundation
isosu,Isabella,OSullivan,3,Humana Group
jemil,Jessica,Miller,1,Humana Group
lidav,Lily,Davis,2,Unitedhealth Group
jesmi,Jessica,Smith,3,Wellpoint Inc Group
libro,Lily,Brown,1,Kaiser Foundation
jelam,Jessica,Lam,2,Highmark Group
liosu,Lily,OSullivan,3,Kaiser Foundation
somil,Sopie,Miller,1,Humana Group
oldav,Olivia,Davis,2,Humana Group
oldav,Olivia,Davis,3,Humana Group
